region,year,energy_demand,energy_supply,solar_potential
Lisbon,2014,0.6663238790343367,0.03740394923899515,0.2632394343298329
Alentejo,2021,0.13905211394573147,0.9741435100563959,0.47109228812247683
North,2021,0.838564304150801,0.10292301338906584,0.7387556929633219
Algarve,2010,0.8662191475018234,0.6263107373598222,0.5227250261266068
North,2013,0.3804556713680577,0.2621487172290121,0.07072908581410597
North,2005,0.40803134586959566,0.7087626858790829,0.5919320585375453
Algarve,2022,0.6752650590662741,0.7134326347540556,0.041223814344919174
Alentejo,2020,0.2810481022084822,0.003053217322145807,0.32465563163230393
North,2000,0.7129849148098684,0.7344890194422629,0.031261296848924425
Lisbon,2010,0.2819353154214941,0.3726224587828909,0.1031662068126542
Lisbon,2011,0.608912948856389,0.34154257968120993,0.414661728352382
Azores,2007,0.024245110724551378,0.6782765496415628,0.5457198642784634
Azores,2008,0.37676604769647226,0.5628713304725746,0.4688794508676354
Lisbon,2011,0.013965331870973818,0.6828493484064966,0.1452108940072121
Algarve,2020,0.18174873039130512,0.6186599130499973,0.844925076612804
Madeira,2010,0.23641862000030212,0.5477501667651157,0.5806814493792134
Alentejo,2005,0.01101057505765246,0.08628219848930374,0.02195631928330588
North,2002,0.24944868743634385,0.720547478728355,0.6712467597964776
Center,2018,0.6084273999059342,0.6600047767576254,0.6142999910774697
Center,2014,0.3819907914261038,0.015498661373733125,0.7532355300067155
Madeira,2008,0.7212795032653737,0.6888645091426058,0.599816579677103
Madeira,2011,0.11838675267466636,0.973001380540258,0.8926326365907485
Center,2014,0.1447725696112938,0.9575198346824116,0.07916592645636977
Center,2006,0.8071237912444419,0.5333715631157026,0.11340539417714202
Madeira,2015,0.14151407376054348,0.49333445033903833,0.27973452112504915
Azores,2008,0.711954926361382,0.8430419384806004,0.5641276210672087
Lisbon,2010,0.697364263529857,0.22748454382972494,0.34087240757000714
Algarve,2016,0.12092411290019478,0.30443147397169723,0.7807073082471024
Alentejo,2022,0.7970520670647973,0.6111617896936382,0.12531923709649972
Algarve,2005,0.24432715611868738,0.3840513264015669,0.471219494217068
Azores,2017,0.5344771124858162,0.8253534896142302,0.6406693838170954
Lisbon,2004,0.04444849663706896,0.4693010086433912,0.20256144329026315
Lisbon,2008,0.3510865020823507,0.7009960375104518,0.4022303129975656
Center,2020,0.5256338000743184,0.28086582311738606,0.36005118574987804
Center,2005,0.5225669792016318,0.22043156831652333,0.8195810303443427
Lisbon,2022,0.5211208141376045,0.2123678995382029,0.6580527152018
Lisbon,2001,0.546851089080688,0.08746756775076547,0.9214227110212924
Lisbon,2014,0.995069110252447,0.08328817645114261,0.46183007058062175
North,2000,0.6096122574846053,0.0521145924341454,0.8725744120378093
Azores,2015,0.24968259862761977,0.30062430107483773,0.19622032071434903
Algarve,2015,0.48398436755701746,0.9526017792604085,0.857387228122679
Alentejo,2017,0.6572407821721772,0.14656103921920094,0.47683113674337263
Alentejo,2012,0.9595592567287625,0.16801467045030571,0.31429996813880745
Alentejo,2011,0.6232008124774026,0.8529678338596313,0.5391880402954093
Madeira,2014,0.08056196848283959,0.18735919888895558,0.602684998600075
Algarve,2004,0.7288380237411035,0.07259136016395551,0.8670946160678241
Alentejo,2006,0.6090512817400845,0.258866442059246,0.023445397349837527
Lisbon,2000,0.8818853110480733,0.4299123881128333,0.877689354148758
Azores,2014,0.9998426814479652,0.2694771302546216,0.5492230274738277
Algarve,2006,0.217187139710039,0.5677038432803322,0.9716115643647016
Lisbon,2021,0.25418441602327746,0.37543086673107684,0.40189783361201814
Algarve,2000,0.9205472406589454,0.6427986853703669,0.9353501167624386
Center,2006,0.5861027711721739,0.3036977650885576,0.6455061210965699
Azores,2005,0.58138976124609,0.18201958174916744,0.673543508142286
North,2014,0.8935973847808368,0.5249573682556494,0.9684969192395896
Azores,2015,0.6653182204725803,0.3158004198778104,0.6929619461759198
Alentejo,2010,0.6122252734524588,0.22536549359409663,0.8311806432624537
Alentejo,2002,0.8152575765968445,0.47489730388106544,0.4438273440913876
Center,2011,0.24694171921014763,0.042703626282936,0.5254495027705903
North,2001,0.38123126050897405,0.7255641283343333,0.9396063963545104
Alentejo,2002,0.9693426863962978,0.8445645739921677,0.9570159506115588
Center,2019,0.8057112304763532,0.5950710372645753,0.7531833585007514
North,2018,0.5740392872421152,0.4656305335813352,0.3163610410113482
Azores,2003,0.7946396998852502,0.6640590987119341,0.9378808913387358
Azores,2003,0.4619196344074563,0.10584528309566166,0.8716527280333527
Algarve,2019,0.2716337274844848,0.5827986630283556,0.9905589880785308
Alentejo,2013,0.6954811869533354,0.37258122438375874,0.6017972562851509
Madeira,2006,0.9407145131665611,0.7151399566981554,0.9489910143067032
Algarve,2020,0.25254881185597366,0.6230270674471503,0.011339723815245284
Algarve,2009,0.7995973095545564,0.36123116204314276,0.8152021388504903
North,2020,0.6613163742926347,0.7530908411396796,0.2560680334247275
Algarve,2018,0.0760155767113806,0.7799237339220862,0.60858292082669
Azores,2016,0.5445980193993554,0.26937079256847984,0.6572054413897241
Center,2019,0.3473982627672604,0.6028555111304555,0.8034943516590318
Madeira,2020,0.6081219174926227,0.8899605106224971,0.4404980090187606
Alentejo,2000,0.40833621592600233,0.3247050990891508,0.4803355144113738
Madeira,2014,0.3271617941955809,0.9185162264937065,0.6950736525618852
Madeira,2019,0.4929346988768759,0.07705270108868045,0.8806975429751466
Alentejo,2015,0.05952395651564413,0.37056987636773775,0.2820406484726411
North,2010,0.19302211142731496,0.06823911942770455,0.1573592542967006
Alentejo,2004,0.30442261489574773,0.4280376849273524,0.1701997849290111
Algarve,2003,0.7059414824945637,0.7731468261062355,0.18569271555008793
North,2017,0.9534166612980842,0.7843611406822546,0.5148495821952102
Center,2011,0.4657346055764038,0.5113916793149795,0.40839120051043964
Azores,2002,0.43613805882167045,0.4324475495903245,0.6532508693663476
Algarve,2004,0.6302022342203633,0.2723284476853458,0.96410740743905
Madeira,2014,0.09106307203704345,0.33798047958613575,0.7310781920877027
Azores,2010,0.024285822927236578,0.19678203023706708,0.2063897197126937
North,2006,0.9090275014657206,0.5700234985897693,0.5780542873296614
Madeira,2021,0.41251441758054874,0.4490713299733582,0.10669040294639587
Center,2005,0.9337562731779285,0.6590163967666123,0.8402970865212752
Madeira,2013,0.4446836645424712,0.979885730279853,0.8856978083452233
Lisbon,2011,0.7786917791590017,0.15681419196943758,0.7791627423648098
North,2021,0.132031892370727,0.2315696400862527,0.6648447098289053
Alentejo,2012,0.7638444202362552,0.32713123051507664,0.10246720017854649
Azores,2015,0.5429093358786409,0.14481481348181124,0.8124916384910117
Algarve,2021,0.6315334845899384,0.3049989702240977,0.0995630462629542
Alentejo,2013,0.7540419251927092,0.46451879427879017,0.4995405982818414
Center,2017,0.5605826218653389,0.1347889273054258,0.25350698055340426
Lisbon,2021,0.23346746265125407,0.04147213808975547,0.25309058069011325
Alentejo,2004,0.4400695257549939,0.5600065948166058,0.34387545858366675
Center,2009,0.6583818344754894,0.041585176113636546,0.2839859757144074
Algarve,2018,0.0298809298748115,0.5722012249841222,0.3580184827917017
North,2000,0.9184250088747496,0.8082290585106309,0.631638723872201
Algarve,2017,0.4353635241820202,0.5608372785859256,0.6926275511195428
North,2014,0.7204883435090302,0.9770328235262734,0.570020120167286
Algarve,2017,0.8328180993329628,0.5286548028659928,0.922652139552754
North,2010,0.7778559091066429,0.19317505668570356,0.4037086715134417
Madeira,2018,0.1884201993168486,0.9477754906511701,0.9805538826652315
Madeira,2006,0.17317598203954987,0.8804012153759904,0.18506957062651974
Azores,2015,0.9577665835596966,0.8951610019601375,0.10155393486307152
Algarve,2008,0.2632415658196966,0.7046338882816813,0.44064672468966803
Azores,2008,0.8586167500324591,0.15312729825319615,0.1879290502608193
Azores,2012,0.25549338406054656,0.7261730987602982,0.3635990843481165
Lisbon,2012,0.5584537557328249,0.6832557494761009,0.6727428980407323
North,2008,0.5901996729508047,0.7350482587981939,0.7275529279419275
Madeira,2013,0.6786911655463146,0.8069326598259405,0.021664188884050084
Azores,2006,0.13954521387047958,0.09447363407217046,0.27592023339499194
Azores,2008,0.42435805236713187,0.65313882383546,0.887835834295116
Alentejo,2007,0.7246550866552622,0.9544627712760652,0.7832111715270792
Algarve,2003,0.7032397846619535,0.7801250962638132,0.0509584775306664
Lisbon,2022,0.10529804850408442,0.12217364002386366,0.43046649256468383
Algarve,2021,0.8147207725877884,0.8888813337563511,0.574014003789788
Azores,2002,0.7267971725542034,0.5334286680944673,0.11000113829553615
North,2019,0.23084924068096047,0.759841881904808,0.48768782077447526
Azores,2018,0.22542773205300837,0.5345616842779196,0.10992648629547919
Azores,2009,0.0528549900772014,0.6600982367472532,0.9660544852960222
Algarve,2003,0.4574728832511086,0.17309042430635002,0.06912870295386409
Lisbon,2014,0.9629607080289238,0.047323636720197904,0.5617312333719989
Azores,2020,0.174460784448909,0.8821260987115978,0.7658600284899533
Azores,2000,0.11478250857090688,0.7577394731657073,0.07521139896313689
Azores,2003,0.8802117300605204,0.7184099465600189,0.2940532766047299
Lisbon,2019,0.05514502742109062,0.8346432950327061,0.36968371130155264
Madeira,2002,0.12080115680072834,0.28277192294844233,0.23071451085701977
Center,2012,0.37515015593725987,0.7670410206457161,0.5635806133229484
Alentejo,2021,0.4830605432018441,0.32843911572981455,0.6851661781109775
Azores,2014,0.41032394905378766,0.633964726416827,0.4059295070589235
Alentejo,2002,0.9227545023301709,0.5803354228294896,0.8358608748344157
Madeira,2000,0.0624498048359271,0.1622053528422469,0.39062918969204785
Azores,2020,0.6983165334797725,0.8104577037046163,0.37212649565233114
Center,2003,0.7566136540293354,0.3646356547297809,0.16834658815465053
Azores,2006,0.38231670410609864,0.6224003561557014,0.5596986153689945
Alentejo,2016,0.3141366967642578,0.3355436276289929,0.83886665061306
Madeira,2016,0.062073417522920726,0.5606424479524128,0.460065035526559
North,2012,0.20683573546023826,0.2653372476728926,0.5504927960063816
Center,2005,0.8769875425493703,0.8897159589848007,0.04191726044991517
Lisbon,2008,0.5439953904605073,0.2539131413544945,0.743076259372071
Alentejo,2007,0.4840151934200988,0.26653386542068824,0.2522148770337851
North,2012,0.2984590688437102,0.960477112143019,0.5800853815857431
Madeira,2000,0.5774634163502298,0.9213150741327004,0.939157742042707
North,2007,0.372826136008488,0.5990150921794156,0.9858262629549316
North,2021,0.36398486973972,0.028726014343328554,0.43172411987188464
Alentejo,2000,0.5048558431358912,0.17993643199575104,0.9556300720543254
Center,2001,0.43115709868110197,0.3227540182669042,0.49325517279937114
Lisbon,2000,0.8413259322475194,0.5766220403249541,0.8165055250940094
Alentejo,2006,0.9856004232317169,0.4080543382955524,0.7053521612883865
Center,2002,0.7905830105003436,0.6857505253020866,0.0970503250974627
Madeira,2015,0.208096596664609,0.6355036482542937,0.4038544560754057
Algarve,2000,0.07822290599603543,0.5426053390077535,0.9305139520994444
Azores,2014,0.44641697244503553,0.9458399051012872,0.7420530619164127
North,2004,0.6307083007756654,0.958589327336415,0.31530027012709383
North,2003,0.24557344403027015,0.017179175250267242,0.7224759577857471
North,2017,0.16848681824907785,0.4741540790094376,0.9525608210592496
Madeira,2007,0.31376351133459857,0.24191301615191385,0.4272193639884492
Lisbon,2006,0.11909710579243193,0.16615501616955486,0.7083429293736536
Center,2015,0.12184178311487259,0.06258823189738671,0.6643471948639923
Madeira,2009,0.956821173293602,0.5906136391811377,0.8281941775964473
Madeira,2014,0.853472504112519,0.1772321995489231,0.7003670689418882
Alentejo,2011,0.6131720257005294,0.9653132078233266,0.9490126053587311
Center,2015,0.0014456383377204896,0.77670149898911,0.07567424740540563
North,2001,0.06391945201651428,0.9537161754967793,0.048461469200349994
Center,2005,0.35248620582222223,0.31471036110342565,0.3154190134579222
Algarve,2010,0.5477531774778637,0.4240857287125265,0.330359482120137
Madeira,2006,0.39197387243009596,0.2102273192700428,0.4447422562667377
Lisbon,2022,0.4234296316844588,0.8279226362456854,0.5653472808147026
Center,2015,0.85736288292955,0.556235237197506,0.811133756696146
Azores,2001,0.23258461376964024,0.6223893998079306,0.8049347925184209
Center,2000,0.34301694378568415,0.554266348326636,0.020039815262287486
Alentejo,2013,0.35801577044458466,0.521650722949736,0.2719581517627023
Madeira,2002,0.12269900086877727,0.2848729713334367,0.021444374364116836
Madeira,2000,0.8866614758298789,0.4811684300908047,0.8564018837482745
Lisbon,2006,0.16402360154331985,0.9243747971289986,0.7436724020917207
Madeira,2022,0.19828025383388181,0.6331178786213243,0.5767265729959672
North,2010,0.691465382270342,0.7200783752853587,0.4931873691891081
North,2017,0.11690924403604674,0.27990257279209374,0.6749435953667918
Alentejo,2020,0.6704297016508919,0.593979127240552,0.061091219362638505
Algarve,2019,0.9491296726073466,0.49879860123219033,0.9349119502668717
Center,2016,0.9691241968942306,0.7638774258635715,0.8490955235301748
Madeira,2010,0.020075428374888182,0.49955405739817504,0.9536743254744234
Lisbon,2003,0.43540937586365114,0.5881570386967785,0.5201494414637619
Algarve,2015,0.2688269158174499,0.9767957857638175,0.2527805263008742
Alentejo,2002,0.3496892630691735,0.8035173994018071,0.552258894761987
Azores,2005,0.9858118993379217,0.31057957620456633,0.19040046194360283
Alentejo,2015,0.18313826882686934,0.5620828120558733,0.8815432919489954
Alentejo,2018,0.4499653125398524,0.7299041056501359,0.3885066657851952
Algarve,2010,0.016733128807703612,0.0716258229075879,0.06338466770419593
Azores,2019,0.39795339510819094,0.9111440540530072,0.8091805777082337
North,2019,0.16208017223859683,0.9075416395988096,0.5517071536402849
Algarve,2013,0.8194447915529769,0.6598018027995656,0.8309291537794806
Madeira,2020,0.5951247390709332,0.43369302316536307,0.10082728732371404
Madeira,2000,0.5443769504874153,0.39502960643483764,0.5042532720162204
Madeira,2021,0.787749247492138,0.38722212905458064,0.1795271800325582
Lisbon,2016,0.07381772972515133,0.6705277299705595,0.3066503355828486
Madeira,2014,0.9406177467605417,0.34380872383503347,0.13496721665857025
Alentejo,2005,0.2357686821249545,0.1732005933487537,0.4648407085873145
Center,2012,0.15365333640296297,0.3564607680848426,0.15643186129555975
Center,2001,0.8714756195872497,0.17117100631154358,0.4715221371370365
Azores,2012,0.004314116183606109,0.28871403787950456,0.7304280273272626
Alentejo,2022,0.9376604324626354,0.03089984708780935,0.7256595711084671
Madeira,2018,0.7251932145777285,0.7192408913380508,0.9035511387945361
Algarve,2021,0.5634548186146668,0.516749082235862,0.32514091723463945
Center,2005,0.5437335654571204,0.24367372326874026,0.14344582599498013
Algarve,2007,0.8404799585528407,0.3691861453661246,0.24965619763711855
Center,2002,0.8407582541201714,0.7707227062238011,0.9195209726659482
Algarve,2010,0.3562551893986504,0.3227438384689526,0.5285432751685494
Alentejo,2011,0.13355218999226115,0.58621734238931,0.6083900325469462
Lisbon,2018,0.7059335882391973,0.3437253145316941,0.44097252642505325
Lisbon,2009,0.11832292300644554,0.4772793989390858,0.3009080411762266
Center,2016,0.8981294551715913,0.6700404333110843,0.17919354023521983
Algarve,2019,0.9827191978718892,0.512539746189842,0.399583250759565
North,2012,0.541929872552135,0.010950642511169284,0.29348449951880096
Alentejo,2009,0.10148446936631739,0.7916757452197847,0.4426880571329801
North,2004,0.8491700889175492,0.9696478441343056,0.692619906149433
Alentejo,2020,0.6020057220960728,0.23082185885301287,0.6558686086415098
Center,2000,0.3355234916458204,0.048627873340945316,0.8225145121907259
Center,2008,0.6753545224349637,0.1920614476919793,0.5851452291906745
Center,2011,0.050645284289992265,0.41381321021689,0.9747877975736459
Algarve,2001,0.15654750121069128,0.720445007891247,0.2502726045612784
North,2012,0.9984222236668896,0.718418966946559,0.20217176994996278
Algarve,2020,0.22754609539976156,0.29842753578272774,0.3868355678497327
Algarve,2010,0.21875297031838903,0.32471161826806016,0.17884361510832547
North,2008,0.36140669344834786,0.07759869192108715,0.4447373161382957
Alentejo,2010,0.23147177212002001,0.17719355320862606,0.24533192808488824
Alentejo,2010,0.6164776500534466,0.7683620481066318,0.6876986628469842
Azores,2021,0.3606627116559391,0.9410512764396876,0.7260201780638924
Azores,2012,0.7496701506202842,0.5957260453084922,0.46743587594029634
Azores,2016,0.0065311487129176005,0.2720032272342783,0.9086332309993832
Algarve,2006,0.7545718154116853,0.777088322863825,0.307021886211305
Madeira,2001,0.5384223757751838,0.7212119007966059,0.7376532749592911
Algarve,2010,0.6009680338197517,0.014191048358178748,0.9469464260578951
Center,2021,0.26221969250099975,0.9718021971332957,0.5311644081213329
Center,2003,0.21079514045780268,0.7959322778932038,0.9424152609030462
North,2004,0.808139039704525,0.2760640173316131,0.4593254897262389
Alentejo,2010,0.9159338286797405,0.16310157835081518,0.9369891145453367
Algarve,2010,0.823478106793228,0.7241619204187328,0.5083472705925137
Algarve,2015,0.06485233265059631,0.9979311369797932,0.9658156687306144
Azores,2003,0.5852578516650232,0.5074792175361365,0.16847812961873798
Algarve,2013,0.4112473007030878,0.6882324777364202,0.8888036426702565
Alentejo,2005,0.759959639851109,0.6821765356872675,0.01245023435856829
Alentejo,2012,0.5630544120366014,0.14335342664874773,0.5613787853472256
Madeira,2018,0.6927365924773664,0.021627749248225303,0.9280044887632823
North,2014,0.0070609376861225925,0.4138399246236204,0.0788539687252433
Center,2020,0.3451883983992172,0.3782792966391578,0.4018942219697037
Algarve,2011,0.3084260831654423,0.6754743382514911,0.16919886316444221
Lisbon,2020,0.9646641524206928,0.26684372775076914,0.04782089641204412
Center,2021,0.8275248480750292,0.45377258187155,0.5527632549584492
Azores,2000,0.1907572536659442,0.14820765294116467,0.7650034032141533
Lisbon,2009,0.22048081612601145,0.7405616466511533,0.5765587777628017
North,2006,0.08165141890093763,0.12821938984764447,0.459240940290611
North,2022,0.4055830229275782,0.8771244373930585,0.8508956246283966
Alentejo,2009,0.6015404140545405,0.632725513384655,0.09286035269181458
Lisbon,2013,0.8181137738152146,0.686838528192261,0.5420887964842467
Alentejo,2020,0.6684145509968268,0.5969991873828587,0.5292817348137697
Azores,2012,0.3537793646745063,0.9220769826545892,0.013005760467427296
North,2003,0.6374979872232802,0.9247414132515959,0.8385964833991126
Azores,2013,0.17246763212183724,0.5689178614875334,0.942096614366374
Alentejo,2008,0.07557915821435524,0.5525298156625743,0.6882654906631386
Lisbon,2004,0.944558041923982,0.018454175529918904,0.440902145914843
Alentejo,2009,0.7145186573241054,0.2745743997438673,0.7526110366049117
Alentejo,2000,0.49916419555112757,0.8402829786572289,0.49659782757059157
Lisbon,2012,0.5783552880565658,0.8562848931248649,0.04008589556025155
Algarve,2014,0.14973594572954885,0.94276447951536,0.9403212747532215
Alentejo,2017,0.9914501451297177,0.33432426636109513,0.02206131408016576
Algarve,2006,0.22758542601879062,0.15253800845254661,0.876531849127625
North,2003,0.2462163007238184,0.3956187130092913,0.8620483997701586
North,2018,0.2160368801913528,0.8034687016542711,0.550582288589079
Alentejo,2004,0.22675946002042902,0.547215361575355,0.7432493157657132
Alentejo,2015,0.4821602453498989,0.9463442967263002,0.6722112461514634
Madeira,2019,0.10961400465139481,0.5513764666489993,0.3875566098688412
Lisbon,2004,0.9336056515359135,0.5942780521739988,0.3139543955545919
Alentejo,2005,0.34142185516703716,0.5802550760249031,0.48743418827594764
North,2016,0.7028233528190878,0.1479922734345861,0.6185536662718875
Lisbon,2022,0.05596369432347259,0.9176608223008731,0.041899483596510856
Azores,2012,0.5714003193841971,0.8078095243094553,0.7484763032245558
Azores,2002,0.5565618543820688,0.7350970506270014,0.13406325208163727
Center,2007,0.4162240729556347,0.1294866848133277,0.49210988427203584
Alentejo,2018,0.9383048063959636,0.7111112733464908,0.2630907382068499
Madeira,2022,0.2937435623102099,0.6842069197965421,0.27515755226027927
Algarve,2007,0.21132294289754106,0.7968588799830726,0.6821028318881402
Madeira,2013,0.2733496814708485,0.7130711311780976,0.5418184116126654
Alentejo,2005,0.7712786219824568,0.7731532298960907,0.7318735611393528
Lisbon,2001,0.17549526117141756,0.15991779596743705,0.8741687149640589
Madeira,2020,0.8841280729609176,0.6223764579218158,0.8763059984894216
Madeira,2021,0.6435551105750386,0.8348625277776222,0.29016056221031794
Lisbon,2016,0.6488839841739755,0.4212308611071963,0.32936769474663863
Alentejo,2020,0.5143719394765996,0.9896640307041071,0.4036538828869072
Center,2001,0.4509048404935935,0.22542679819453404,0.7081561803929773
Alentejo,2011,0.5535271222583427,0.3484196047004262,0.14888473697243376
Algarve,2005,0.006801131593401011,0.1627324446352466,0.6133922496785615
Center,2020,0.3164719747996556,0.009681890732858855,0.7977941452855242
Algarve,2005,0.6297634614940957,0.9175870914690051,0.37819158713482937
Madeira,2018,0.45478853074823555,0.6210297644096174,0.7318936984358624
North,2018,0.706864483249066,0.8289314613343296,0.2096224825019466
Azores,2019,0.7680608212349864,0.023251150331010884,0.37299649101183985
Center,2010,0.678884212352384,0.8575341380004157,0.2754536803813701
Center,2014,0.400200358618649,0.7337908311165903,0.3835961038210921
Algarve,2006,0.8401403947920151,0.7189230362461008,0.15142367578236215
Algarve,2004,0.09271489812613809,0.9260955711175906,0.7512273972555843
North,2005,0.13277363596385017,0.6939141846788675,0.603408624517745
Madeira,2003,0.9583100691395507,0.48437432220402554,0.6779233002091681
Alentejo,2005,0.635354465233202,0.3310833571027161,0.31521650106464827
Lisbon,2008,0.7500095806565553,0.8032392397924177,0.04755287673286235
Algarve,2018,0.35884454388748377,0.40015538695260555,0.08523823325827606
Center,2012,0.06501497964006908,0.7805246201606414,0.5141310543744039
North,2017,0.6102164920311703,0.1905588572438739,0.8097671206237941
Lisbon,2016,0.28722038975767594,0.389800154194751,0.9993243321409156
Algarve,2007,0.5251419480488144,0.671909469953108,0.5643886628111251
Lisbon,2000,0.5441204021860138,0.5162549642582054,0.846970872678991
Azores,2008,0.1054387173066047,0.3316275776718438,0.3215214769559135
Center,2013,0.5370036863042728,0.44694216448750435,0.24931885871498483
Lisbon,2012,0.8805522121045599,0.2906197713218951,0.9324569219174476
Center,2013,0.4391950948978166,0.3767933871445672,0.4124218847427755
Algarve,2001,0.8555247001335401,0.20911799906233974,0.6420015196850888
North,2003,0.686020997082233,0.5564591108112891,0.14523237544380452
North,2001,0.628810791038394,0.42497802100501125,0.938661944423516
Azores,2006,0.03946181962113804,0.3891157227023514,0.6625571783866038
Madeira,2000,0.6798233035083824,0.9694135476295492,0.00956207479645832
Center,2010,0.40536487120464615,0.34680810173709953,0.7285305294367399
North,2019,0.49391744238507396,0.5969964967488601,0.07830032599766412
Algarve,2001,0.843808413539849,0.6299996491333437,0.4279244325093947
Lisbon,2018,0.03952304840398391,0.023980817170126456,0.49632772664758595
Azores,2011,0.8103020760999047,0.11944639049880079,0.15704208936783526
Algarve,2010,0.2089507175905294,0.9511654566619456,0.43058138094972875
Algarve,2022,0.4885381631666783,0.6059283261362675,0.7285686285244954
Algarve,2000,0.8975077082484003,0.14633369987424705,0.3460212910422833
Algarve,2013,0.1781058831825747,0.7890131773385669,0.21580473080026719
Lisbon,2008,0.3985944607127865,0.781188850068984,0.11719081995018366
Alentejo,2002,0.5708287072747193,0.19003819335538474,0.9394255352099599
Madeira,2001,0.8227732304288,0.7361065351063979,0.4865435003104056
Center,2004,0.6726257043010965,0.3794251777022587,0.3056744956366749
Madeira,2013,0.9019987459973449,0.22665583885491913,0.305792136355476
Algarve,2004,0.46359702571552386,0.7559961082978238,0.9869296866708454
Algarve,2018,0.6357133562307753,0.5638961905124666,0.5809226421278696
Azores,2013,0.43222659183228607,0.07866245629953461,0.7895007513099397
Azores,2008,0.8176033588150726,0.55462178662158,0.6842020916430134
Algarve,2004,0.620462987885298,0.8642833258025427,0.8808756322985907
Azores,2015,0.16575807395951014,0.9644981340540989,0.15806479867218692
Center,2013,0.8730391590209712,0.6980529835114148,0.326257820020473
Algarve,2018,0.8745142000231205,0.32832612432963504,0.579700878061356
North,2003,0.4918890822143872,0.8567163914528502,0.3273813913700253
Alentejo,2018,0.7766962826522571,0.35746150104489416,0.18130665875837704
Alentejo,2013,0.2602055991625313,0.49951172468470273,0.9463799611405459
Madeira,2021,0.4939518041631631,0.9493299517343966,0.10973563783059503
Center,2013,0.20038069931532498,0.3459693042386429,0.4016853017717906
Algarve,2018,0.39132454699515473,0.1974445422500135,0.4638870590627897
Lisbon,2005,0.17885752092500096,0.9785604953761629,0.3347846193614269
North,2000,0.7272530794623271,0.001657376073974759,0.8399772260001404
Lisbon,2000,0.4884026875015697,0.6177702851773778,0.8292759822632236
North,2011,0.250997326828695,0.40259221622006425,0.8277613260584135
Alentejo,2005,0.23854823717603713,0.6578041403584697,0.9702164526493885
Madeira,2007,0.9405603669289876,0.9747047623265548,0.20280063671738502
Algarve,2018,0.9094331336885418,0.16904345146064015,0.27023384648442084
Lisbon,2004,0.0916173172089072,0.8142266128624678,0.6581092702279385
Alentejo,2017,0.6277591813963181,0.5637920678013836,0.7793765902315878
North,2000,0.5261767942844572,0.7177874379665156,0.6327657304423348
Azores,2020,0.4760339183008694,0.5049903269291183,0.25676205097155547
Algarve,2001,0.3454475315738378,0.9834923541483671,0.6534594840885138
Lisbon,2022,0.26204784810824866,0.4304560322073572,0.5959464113072974
Center,2003,0.03048260161440841,0.2344732454073477,0.855329743292597
Algarve,2015,0.7201380449827467,0.35632643558868415,0.32970804664984044
Azores,2021,0.8392788436740094,0.053723125949546646,0.320408558083603
Madeira,2007,0.47982579476126985,0.9131218684943194,0.8695332257345117
Azores,2015,0.7597118747082475,0.8350885908900219,0.3296962112199925
Center,2011,0.3219755239078992,0.459398894460499,0.10104286187111033
Alentejo,2020,0.9612396355995162,0.9492080592738775,0.017611348503712376
Algarve,2014,0.3255950134369847,0.6699426853301756,0.13407341511296778
North,2003,0.7945323199910795,0.6127312607739183,0.4480400026753154
Alentejo,2010,0.301409450558199,0.005553057237599246,0.6487337514908149
Lisbon,2002,0.08910954623781386,0.25996154607685806,0.5742401603843031
North,2018,0.6285944503686195,0.1271420802794624,0.6318229708635579
North,2020,0.8049992320940034,0.4927758067412451,0.4942137924238569
Lisbon,2011,0.8828844464342437,0.44503208461283084,0.03918476750503175
North,2011,0.4167331727038138,0.4767235096311696,0.9300120273531325
Center,2017,0.2686829814722833,0.8753578221651559,0.9292352355586173
Azores,2015,0.3343354495846067,0.9563423179926349,0.2030890539843221
North,2001,0.6183813204301876,0.6940338719771048,0.37078198627717984
Lisbon,2005,0.32086189723559566,0.3942908585064727,0.6919958938095941
North,2020,0.1794534253395189,0.8892027271684849,0.0488591632080041
Azores,2010,0.054115566381074065,0.0710442985752584,0.5856439588225892
Lisbon,2015,0.05111786590804612,0.3658325176029371,0.7439523029180964
Center,2003,0.5901836356224193,0.3094581370312792,0.3993161868961086
Center,2015,0.5381207861036261,0.3132401323509154,0.37326533197882206
Center,2005,0.23964267385704507,0.3103850316972746,0.5290278021046656
Center,2015,0.345121317969184,0.8838113824320148,0.10378500530750312
Algarve,2004,0.7046569720860834,0.24613916329386265,0.22007922024422533
Azores,2004,0.7038906551769455,0.1277789805632562,0.31229010839592
Center,2010,0.5352247735217516,0.8753507345769388,0.000571095178696579
Lisbon,2007,0.0184139622255427,0.16845731667451935,0.8197315064507813
Alentejo,2020,0.07920157290970731,0.22733815223522458,0.7935599325283681
North,2008,0.6161253273487114,0.014430936199513744,0.30417017318379513
North,2017,0.4197318917678179,0.4303103698274382,0.08030511248566774
Center,2021,0.7958989689615917,0.901363227064682,0.22802687460906923
Center,2018,0.54254111974567,0.4870288128811302,0.2174962482701298
Algarve,2019,0.3364194718649445,0.057456093116878826,0.041773147887795736
Algarve,2000,0.9470470007176611,0.9523670615114934,0.31824740146060904
Madeira,2014,0.7838321653577561,0.27841120460700086,0.8044574026546336
Alentejo,2018,0.3173453562585201,0.5585886613630315,0.5026816867026903
Madeira,2015,0.5703614599741722,0.09218061964393975,0.3400845785265344
Algarve,2011,0.9584003012306069,0.8608905294074196,0.00799062285959895
Alentejo,2018,0.8493781174254595,0.9063368353832487,0.9550334660846368
Center,2000,0.7730461347781237,0.47190925439493936,0.17635255874717926
Lisbon,2001,0.1383065150045073,0.41332977447004027,0.29471267490503505
Azores,2002,0.16094787594844262,0.06674289582846638,0.5309811773161651
Lisbon,2017,0.1711014290398699,0.04772459932317474,0.019586337692657052
Alentejo,2000,0.8952822214639619,0.8640418352191659,0.11994136109177145
Azores,2015,0.3834443870117684,0.4171778029712183,0.0023597979472718134
Madeira,2000,0.5368441887742696,0.0021200522847099057,0.007695417932586768
Algarve,2004,0.23984779407242718,0.6298526944395538,0.32739227463537357
Lisbon,2017,0.8792831571994627,0.4228291935040489,0.6731919224490581
North,2001,0.9732269918781228,0.06369759155209476,0.6373089068828696
Lisbon,2013,0.8243111242311711,0.8498265852919348,0.4443804470339915
Madeira,2002,0.728863415631078,0.6100880548537784,0.5752271609093688
North,2021,0.7662431381500092,0.34311739272733477,0.0423406427856996
Algarve,2016,0.29827078217400693,0.436472294162232,0.5044096519840074
Azores,2007,0.8389741887016313,0.19495007950001075,0.5092703750808135
Alentejo,2011,0.4588975853524161,0.8933844856228961,0.6052802229608955
Algarve,2021,0.8762111489874936,0.7941044521516386,0.32950020467459085
Algarve,2007,0.2879659938370459,0.5731034358111609,0.7723188201354957
Center,2004,0.018311856582263975,0.35081871884828864,0.12195222490935498
Algarve,2007,0.8693615510847484,0.03259987250881735,0.5758618220969381
Azores,2017,0.04103954828519529,0.7413518152533057,0.6173490430112822
Algarve,2000,0.0441978914718435,0.044350854725795585,0.09189494835961787
Alentejo,2021,0.12965159919331737,0.9237936067124163,0.28749021081239423
Azores,2000,0.9726301484514374,0.8128989086583377,0.7063915353924208
Alentejo,2011,0.35263371814075717,0.7409225532662064,0.45027444801115546
Algarve,2019,0.6073646841016984,0.4829460978087218,0.9721522708722046
Center,2009,0.583717770513466,0.6795486065165846,0.44481297804209463
Lisbon,2008,0.8737386212561286,0.06252109241432391,0.8515830979063262
North,2000,0.6739589567289709,0.11247393395956051,0.37197074783090744
North,2017,0.17980176347036325,0.12738720810312465,0.4089281902804416
North,2001,0.2953053472337023,0.46621615440847586,0.5541037521504266
North,2005,0.4638405241539699,0.1691097636683787,0.579516104107763
Lisbon,2020,0.7056352530954675,0.03151283638920721,0.7450849240297689
Center,2021,0.11916190643664037,0.015305911053059229,0.8658375966945883
Alentejo,2001,0.3910695412510652,0.8026733982308804,0.3189254556663982
North,2018,0.6599844410700658,0.1600564689870616,0.429593223331205
Center,2002,0.03824687060324694,0.4857033199472839,0.5244821099748068
Azores,2020,0.978440014292363,0.43567433308172465,0.3913645408152455
Madeira,2006,0.5174521203768389,0.6215884288170364,0.6770355513792545
Center,2015,0.374913889952491,0.2198196430364291,0.8626277080697288
Madeira,2000,0.9944540971632869,0.3687676432319369,0.5655615242052654
Lisbon,2002,0.3122194372645304,0.6152000306537885,0.7646228875531489
Madeira,2022,0.43229291793459623,0.587314522740957,0.4253197990616677
Madeira,2004,0.8198699248266965,0.48357845958127665,0.9822882330740936
Azores,2004,0.3421324771971428,0.38811345429655353,0.5818452191076148
Madeira,2008,0.42484868316371804,0.3762566724864469,0.7179974894292548
Azores,2020,0.062014381070961466,0.7072166159497504,0.45987953259521896
North,2013,0.8973706606141252,0.8510129672296491,0.06184858363072865
North,2008,0.24239615243401236,0.7977576918633387,0.017710535859902343
North,2022,0.10445681508254101,0.24689894489091235,0.11380084904817134
Alentejo,2003,0.1129407405319457,0.2175815137507976,0.5578920100546275
Center,2011,0.9131238457262364,0.05087363732457606,0.04822062448775688
Alentejo,2020,0.1182609189204189,0.6629647305175066,0.9390413420940521
Lisbon,2020,0.1681721749392665,0.9479013428911057,0.612267855903559
Lisbon,2016,0.4634893553708045,0.7233256231103747,0.988872404022543
Madeira,2009,0.5062156254593141,0.37223179091760794,0.12379454262080736
Azores,2014,0.8776171021214744,0.4678457234429073,0.04173011881620903
Lisbon,2005,0.017375806197546195,0.8045864937469832,0.3697869158626502
Algarve,2010,0.8719127600258219,0.0007437904876715917,0.18961832746311658
Algarve,2020,0.8443513020761023,0.5952099161978956,0.15432890217440598
Algarve,2003,0.32097048774384707,0.015705820475282573,0.2134944601597889
Alentejo,2004,0.4291360738544626,0.8292190419435872,0.7913650360774067
Algarve,2004,0.3223088268939772,0.09127534843078322,0.2877166210534744
Madeira,2008,0.6831670801182352,0.9865398332518666,0.012968824391891731
Lisbon,2014,0.9047008008355735,0.6472176121858187,0.8797280282143682
Lisbon,2003,0.38773796682839035,0.885867154637094,0.008544185617964328
Algarve,2015,0.6116232969987535,0.022514451141740555,0.7389126628113903
Algarve,2000,0.03697622495004271,0.12941385079565726,0.8397729413019237
Madeira,2007,0.5129919258949929,0.8994827063006477,0.012263659592242626
Azores,2008,0.021191520225855243,0.19135246163286757,0.18727414960024213
Azores,2015,0.2660883117057027,0.5140098136809091,0.02011939042948452
Lisbon,2014,0.8842701247411977,0.877282134692602,0.0642523121088674
North,2013,0.5390818390913911,0.6961713588820118,0.40527333171678026
Azores,2008,0.7886575671710826,0.9130581094518344,0.9628898076661221
Alentejo,2018,0.8715676008044569,0.2482276556398756,0.18117395288404636
Azores,2022,0.04745708453878228,0.5782494762569366,0.8657432141351122
Azores,2000,0.8395158050680008,0.8116882735189492,0.530889969805076
Azores,2013,0.43904947145636974,0.1641181141606014,0.495937415960334
Alentejo,2020,0.7351139029117632,0.8791987298378592,0.18913068014282197
Alentejo,2008,0.3213110781676517,0.5386218726636174,0.3265245245207321
Algarve,2013,0.7637664390280623,0.1369810308535554,0.07480985959528696
North,2013,0.41633332317113936,0.12400694645133592,0.5276064869968075
Center,2010,0.6462933745718078,0.5740542717793147,0.10585750770747449
Center,2009,0.8804774611843057,0.6697416351270085,0.8683707340239819
North,2004,0.40256700381423294,0.39395488989450844,0.9413460899722661
Azores,2009,0.029924932892652523,0.45447162030738375,0.4652071581046613
Center,2017,0.5077240546993802,0.6678505196415196,0.1649554758709204
North,2018,0.3679985415071244,0.8547467114122207,0.48863100217014555
North,2001,0.5946829379627208,0.6444146563131329,0.02585240708149661
Lisbon,2014,0.3944636326386627,0.08007448594626543,0.6366758466443981
Alentejo,2022,0.8294931690561277,0.009555611728759517,0.9528814432954221
Lisbon,2019,0.1886978442656183,0.6063381071785349,0.3870767200685671
Madeira,2007,0.7159075071477052,0.44943502794328305,0.30877521812515163
Alentejo,2012,0.5345372091662094,0.11106028943176383,0.40938708775829835
Azores,2020,0.465746763951443,0.24957450901710132,0.05479112256435181
North,2003,0.20535507880718784,0.18343898731702057,0.35864557920036755
Alentejo,2008,0.7297181151475881,0.7336548088263838,0.310392064833387
Alentejo,2019,0.9674808966522036,0.5058748218709163,0.9061159760585806
Lisbon,2010,0.5583505743941043,0.24760778629461977,0.04107105430930291
Center,2016,0.30821055028323474,0.81819020832539,0.9299825479291355
Azores,2010,0.09119856456109054,0.751407801627775,0.7117125892430541
North,2007,0.39254313935782814,0.38246689518715526,0.7607532794010198
Algarve,2001,0.8650035414912932,0.7182593390890214,0.9520672396727267
North,2010,0.38447228884481865,0.9332019783767969,0.20062543328627325
Madeira,2003,0.21278734964214496,0.6231602301295335,0.06950089857518749
Algarve,2011,0.2346912990925667,0.8103401367407455,0.5564457524514437
Lisbon,2008,0.14562274043218826,0.9934295285608565,0.19563871135369326
Center,2012,0.8374476748860339,0.4342617086447963,0.9477721319756726
North,2015,0.4385491771459503,0.6448556933200066,0.8461110008968842
North,2019,0.04037523217691974,0.042072206376788546,0.32813302769496955
North,2010,0.3714227452035658,0.10022225372591376,0.4703903058305071
Alentejo,2018,0.6306009751903532,0.6448110301877129,0.3378403430323158
Madeira,2007,0.8275299583565776,0.8411954369925514,0.589581207168036
Madeira,2021,0.30932839710641424,0.28032667216499096,0.6983537654964387
Alentejo,2012,0.3688106892391596,0.9806330620410731,0.02838710549903667
Lisbon,2016,0.4167806957981405,0.7200887083348613,0.6964021328069185
North,2012,0.07127998253556689,0.21976129938822997,0.9725684198064
Alentejo,2018,0.11944150848155755,0.6491017696618223,0.7033539906895803
Algarve,2009,0.05016449055829797,0.05313710627196577,0.11604034525426699
Lisbon,2006,0.11742435495016068,0.01799295998517514,0.38829508838023286
Madeira,2011,0.2779400480606251,0.47286969340835106,0.5332097480980887
Alentejo,2015,0.5249320179975145,0.23839909355146627,0.558696358528139
Center,2011,0.7995705747185001,0.20787817346761706,0.8859547087345326
Center,2021,0.7725265054372792,0.1904645089815422,0.8897173478688432
North,2015,0.680892055204308,0.84767221895369,0.3843000639631413
Azores,2006,0.9951098150094589,0.4199049468451942,0.21628284931902197
Lisbon,2014,0.21684520175267252,0.41931407398818166,0.2103630585761307
North,2012,0.2529050337183424,0.2666570833689168,0.3077334157972895
Center,2020,0.2630989337321398,0.5459262605114847,0.12290438537332737
Algarve,2005,0.23182381135281538,0.2279614090837213,0.7627875028468221
Center,2001,0.10689957661108018,0.9773640564577479,0.9058703957056454
North,2000,0.01973396601687749,0.4406196912409047,0.7272678965270847
Azores,2015,0.6819148722789412,0.570371329352072,0.8764084289444543
Madeira,2014,0.7196907220821847,0.12251136818551756,0.6725706889447132
Lisbon,2020,0.147796852421192,0.002382074579791005,0.18171789584680897
North,2021,0.06068938890163522,0.9917732712585892,0.19215008661995447
North,2015,0.738069400969044,0.6155507545864888,0.5345873350418493
Center,2000,0.7590574649394987,0.8759993085583652,0.4147920478331514
Algarve,2022,0.5736303306570949,0.1663042415841024,0.6789616094099573
Alentejo,2022,0.8652222656398187,0.22543471730798292,0.022745595920542372
Alentejo,2001,0.8544567122347395,0.06360796823567261,0.022357193795894292
Alentejo,2005,0.35989836930903374,0.44587750987980757,0.1337025286961887
Alentejo,2015,0.4536254644745078,0.8092667813072163,0.4307380525799175
Madeira,2004,0.5567594306944377,0.6105000104597467,0.7467019340447216
Lisbon,2015,0.6183574389331802,0.31599635494587175,0.2580466950563366
Algarve,2012,0.8012445199754126,0.6297581630420142,0.4712938673755107
Lisbon,2016,0.22394422744969356,0.9966291114674891,0.7282880853491569
Lisbon,2009,0.4134657096944603,0.453246410172807,0.3943050299990538
Madeira,2019,0.1432462958714169,0.5146797495426073,0.4072667969885847
Azores,2012,0.24518821120811551,0.5329514336231482,0.6653474080826837
North,2005,0.6419368142077883,0.44439865735100403,0.2176196578844677
North,2012,0.18118593910350012,0.5725089311873692,0.578113896307759
Center,2010,0.79335067541455,0.9206701811513083,0.9619438692663397
Lisbon,2017,0.6822440092858649,0.9619774890355014,0.5130692253782674
Azores,2021,0.8324798748560857,0.2985275540587363,0.8420825201076687
Lisbon,2021,0.2340592598204888,0.8554209249817484,0.6450757560509022
North,2010,0.36183145393602323,0.933829384418731,0.22724932483512494
Algarve,2011,0.19452204401054785,0.5813373936596424,0.24729690303409158
Madeira,2000,0.5995085645397901,0.7198946097192136,0.0007423955510793556
North,2020,0.9195624988385172,0.7591242763307282,0.566120976657125
Lisbon,2007,0.4029100680154353,0.6329544105205349,0.5809421681860736
Azores,2003,0.487538950127522,0.26200860341976195,0.1648241480360365
Azores,2001,0.900795976330669,0.4950459993507169,0.8599633715075208
Azores,2009,0.6595808027148593,0.1362428848724655,0.36239135698244085
Madeira,2020,0.2465760269703684,0.14724695346068073,0.362038590785806
Center,2012,0.19671750295348145,0.8531990362709558,0.7886304741994393
Azores,2003,0.040582756668151365,0.39486129194521047,0.27831594164727647
Center,2020,0.8832402099027096,0.5797055491629117,0.3220104462705605
Madeira,2011,0.1875139056865085,0.8216941629648075,0.26924980231770757
Algarve,2020,0.8793771595074916,0.6887232863360425,0.2865435584553615
Madeira,2007,0.15868086506976753,0.26821077537819393,0.25603683301052904
Lisbon,2006,0.0819944818392766,0.688658785428171,0.5688179526111722
Alentejo,2003,0.7594260004624693,0.7283921808626095,0.626758212761953
Alentejo,2010,0.8722039700221551,0.9297549641229261,0.5817735296314743
Center,2009,0.4582759984522379,0.7496482128124174,0.8811404054640767
Lisbon,2019,0.7150921414983319,0.9633742470405132,0.291613483765091
Alentejo,2003,0.5700207816240939,0.9469169117197933,0.07392404693127541
Azores,2002,0.8444415332064485,0.9121678689256961,0.12172707433108954
Algarve,2012,0.9403952962985053,0.9176831842083805,0.793440199752949
Lisbon,2017,0.5562915800692647,0.5495384772978614,0.10952343856561608
Madeira,2021,0.8189048456291357,0.9663742464194109,0.16797356749773495
Lisbon,2000,0.3378221738053535,0.424204311627956,0.31046466715328014
Azores,2019,0.6685356611898672,0.5561203341114315,0.9952966628432621
Lisbon,2022,0.8164451585193918,0.9505290046970775,0.18410195511690375
Center,2000,0.16138761581225847,0.3336189088764221,0.12497814832537979
Azores,2012,0.9364327954522667,0.13796399766693113,0.5297188094219538
Center,2009,0.6321831645013685,0.8914624784926113,0.5309095219716566
Algarve,2005,0.7778369424450401,0.9767340135710201,0.1060852530669496
Azores,2008,0.15493951739041278,0.5471575433322321,0.4707641962514748
Azores,2015,0.9975667578158606,0.14465461287478,0.11415865777224576
Algarve,2016,0.8525425621041889,0.47036869685838256,0.4283504371948885
Azores,2005,0.5140867898650571,0.07023136167438393,0.18785020744738212
Center,2006,0.23486353899454027,0.18408713649426023,0.8021433262880747
Algarve,2004,0.8104911150129848,0.6669661401625192,0.8102749187056534
North,2001,0.7312105904852453,0.9903649572719065,0.5957487576229074
North,2002,0.6662252453523538,0.3080761537368526,0.0891489610099484
Center,2020,0.97248869914343,0.2877108790967601,0.5804612477344357
Center,2020,0.9220486752377625,0.7874146014428431,0.3585484750849358
Lisbon,2001,0.5635499113861563,0.3298062797236391,0.1993157440637774
Center,2007,0.6945255156556623,0.6352968734151578,0.6675872513483783
Center,2002,0.661280287432746,0.7046859896059553,0.16622496140811427
North,2016,0.8449003178474928,0.1761007037838711,0.555611343393629
Alentejo,2004,0.8335511459446073,0.6563747705823141,0.5932216397492942
Lisbon,2004,0.47783736558387824,0.6591522158212316,0.4366799899621707
Lisbon,2017,0.2510958760359623,0.13679189600563657,0.32581650847334587
Algarve,2004,0.8386600771235528,0.32780889384410494,0.9897893755188488
Alentejo,2020,0.17532075454874496,0.1527761101467522,0.5735587182071111
Alentejo,2003,0.8123416012650918,0.1755290263793977,0.19316005894518196
Center,2000,0.7546709703993758,0.41695902002807217,0.25865103833224445
North,2016,0.2586550288850785,0.24320407620963314,0.3008164183043276
Azores,2020,0.26939442043353035,0.4625154698239945,0.35951285422402357
Lisbon,2020,0.6526124299851788,0.8659103075991319,0.541140040625438
Center,2018,0.36818899766281077,0.2542989687905406,0.13432173962439486
Azores,2009,0.6436874080274336,0.567221224115442,0.5506931284645138
Alentejo,2016,0.8434681925317317,0.8903148061778027,0.8444982799341885
Center,2021,0.9066804178952068,0.8635622187324895,0.45516270334907316
Lisbon,2000,0.2080221974716424,0.27786355008956354,0.454227543535319
Azores,2015,0.9726615498430135,0.9618182165663475,0.7962650414914584
North,2010,0.9354925279595337,0.9029081935634359,0.9700604384942084
Alentejo,2022,0.036518812684047,0.8490667988274111,0.957592765054791
Azores,2020,0.7204362200910353,0.7854853824195231,0.5969799727000595
Madeira,2002,0.44194795504881557,0.729640974274999,0.9972522917517969
Center,2019,0.8381844161644549,0.2924183482320136,0.45086312053503497
North,2012,0.5361799316942076,0.7870010697268137,0.761083637241543
Madeira,2018,0.7983223650698799,0.1965147863644272,0.4591039984484129
Azores,2008,0.09608063746702422,0.009660737363285543,0.12422161005918553
Azores,2001,0.4484480748231431,0.44728967191167956,0.7060795624708993
Center,2014,0.13069064440498523,0.649244821842847,0.39842816679711457
Center,2015,0.24024502867059183,0.8082886240343208,0.27211647549357
Lisbon,2015,0.4049658334565822,0.6676271120235966,0.03806129768608124
Lisbon,2014,0.7445986487489901,0.8121020321406659,0.2059854129878872
Madeira,2019,0.8827445207503375,0.13229994233032039,0.6567032550336306
Madeira,2017,0.7792370534901638,0.2000521348253539,0.39771884716945827
Azores,2007,0.09755086598919327,0.06635575774910263,0.5126093947950966
Algarve,2007,0.3703396957648656,0.9679102606233376,0.9069163613736146
Lisbon,2008,0.2700228568273023,0.5697766081442491,0.09106400528992198
Madeira,2018,0.06428358113692689,0.5210231375954453,0.13597591453975633
Algarve,2008,0.5348287380473815,0.00734387518246804,0.10584437555094783
Azores,2010,0.4589360175919629,0.5358367908999593,0.5947184895825356
Center,2005,0.3608881724325932,0.8665540414988524,0.19212404653311232
North,2017,0.3710147186751862,0.09988693684143302,0.7366133339568404
North,2005,0.42814299645372633,0.2584438586709936,0.7275224656582481
Azores,2005,0.9039991029486752,0.10916468307198257,0.5411495668715567
Center,2016,0.14554422988009608,0.38911845401566203,0.6904785465335583
Center,2008,0.14667189871636654,0.07532920344374472,0.5585766407200072
North,2014,0.13265450252868216,0.664923363537235,0.2786898638914693
Azores,2022,0.4948346603845286,0.35300089080185093,0.990587670401867
Madeira,2014,0.34584039138573786,0.35545867823163413,0.40780238507650524
North,2007,0.8399640343528405,0.0033529919122332608,0.11733148092956913
Lisbon,2017,0.8667133472710301,0.11126010360765026,0.6267409830123344
North,2016,0.4259313888396089,0.5926930408470742,0.25313902596549354
Alentejo,2018,0.41769196128431396,0.5296684411193534,0.8776247967104094
North,2022,0.6497548337803254,0.757218083967423,0.5542210437105365
Azores,2005,0.3581344741552276,0.683305592198222,0.6537680825089831
Madeira,2010,0.9838733787658395,0.6120377832364479,0.42427973263285435
Madeira,2012,0.5364784618287274,0.39796616494387227,0.8076159839565333
Center,2019,0.9524814147986133,0.4618068041200104,0.02959845479265899
Algarve,2016,0.608675943387866,0.466912826544702,0.8969819992436302
Alentejo,2012,0.04629174184034068,0.6110214689799809,0.7490388711471849
North,2020,0.22691889042245084,0.9852755737586483,0.15959079030451861
Azores,2017,0.8587851195633868,0.7656174779719026,0.9211939544690306
Lisbon,2001,0.9924379517220278,0.09293305582990719,0.9567528128368514
Alentejo,2022,0.2606909064742424,0.15336218656401102,0.3754348692891495
Alentejo,2011,0.8205673302770654,0.17043374067144412,0.48683472144735107
Center,2003,0.06063138159085535,0.38575448183885364,0.257544902022356
Alentejo,2008,0.14782582952184098,0.6090758717609701,0.7339405846977285
Lisbon,2010,0.362181647721211,0.8098582822001502,0.22079615420433252
Alentejo,2012,0.8798750125134313,0.6705668163199476,0.3244826400894355
Alentejo,2010,0.7164251494581347,0.5463822760631205,0.1969492394195831
Azores,2006,0.6110338353935303,0.11505381971972861,0.3521211260359439
Alentejo,2021,0.026007885999888458,0.68820726407376,0.04455902198490902
Algarve,2020,0.25735962610660734,0.724730891359607,0.2074891320511515
Algarve,2015,0.33651576841714503,0.9645235978566564,0.4577922250785882
Algarve,2003,0.7628431736126269,0.6295083751278354,0.5093726999651111
Alentejo,2011,0.5381326680583438,0.7066426550114707,0.9238170917406625
Lisbon,2022,0.09825097454152554,0.8763656544693749,0.6736729937328249
North,2020,0.7327254263775744,0.4268860177211138,0.32377142961936745
Lisbon,2011,0.2541380899595782,0.12265521761840226,0.290303781594085
Alentejo,2002,0.43712448067724996,0.3068049157312034,0.07858540893558041
Madeira,2006,0.27015792749457457,0.16011009659400077,0.4110027951261055
North,2003,0.9169401213703421,0.7602026362039268,0.2404386290045084
Madeira,2013,0.0624961197770566,0.3693055743284195,0.8727060699555721
Center,2003,0.5978590949753035,0.6991198042108577,0.4695728865406842
Center,2004,0.6070068330877781,0.4240953660608473,0.32601412788906947
Madeira,2005,0.29661733898091325,0.9896529952245443,0.9752004329680654
Madeira,2006,0.8720207700433174,0.9018406486821213,0.6651394527488944
Alentejo,2000,0.6918432903889241,0.8844604659390578,0.1383726667058871
North,2009,0.5423062453678382,0.5770821017849156,0.5495057114187397
Madeira,2019,0.3715892841346089,0.8664829860240649,0.7048780044601402
Madeira,2008,0.2360862551526277,0.24893399350726553,0.03786535833205318
Lisbon,2005,0.5985895480470954,0.5566895493193786,0.030440712996533947
Azores,2000,0.6685421870576079,0.16132377635873785,0.04696005357209332
Lisbon,2004,0.4312310971279325,0.2850917201528175,0.0657540449665619
Lisbon,2022,0.18853102546543732,0.39301673547348837,0.11806155243205141
North,2020,0.14696013093002203,0.7770310638377149,0.9484579000990254
Algarve,2001,0.4039244061073527,0.8461878713030252,0.7501342214924773
Algarve,2004,0.6511478696257172,0.5963997474440965,0.08138213671453143
Alentejo,2019,0.7361834516921116,0.25410295473802325,0.5168829853621906
Azores,2009,0.015725571738080424,0.4741700368782926,0.38434052799498364
Alentejo,2010,0.4708760854538627,0.2636190368555431,0.11317143444184108
Azores,2007,0.13914396989383226,0.9524416760013118,0.5388304708004714
North,2004,0.7674151879438267,0.9240060700265411,0.12354988933495292
Azores,2011,0.5060114991151303,0.5745144945531322,0.8547294241906526
North,2009,0.6962499713409085,0.05065034167328042,0.5001377077303832
Azores,2016,0.020975857176190105,0.9950211526033713,0.19952105886620408
Center,2017,0.8729280771675684,0.6535166798586347,0.4153754051159928
Algarve,2002,0.9166021636006336,0.35719252852832384,0.2230344399361769
North,2008,0.61170087134042,0.9486370436170444,0.020113410541917842
Algarve,2022,0.9391283679615816,0.7456274279012567,0.9190254107697707
Madeira,2007,0.7505856501239457,0.7761945872500111,0.5427432509326118
Algarve,2014,0.6073116845591207,0.34424518678201876,0.026986475694563805
North,2006,0.20661785943331568,0.4459429835803522,0.484536999501472
Madeira,2022,0.548842118325572,0.32595661065067294,0.2457198209200322
Lisbon,2001,0.6359203512181246,0.45166552776444746,0.5565788329402807
Azores,2004,0.055883030432665515,0.21003123382479305,0.008044564005209254
Lisbon,2014,0.7392576703546389,0.08396680170249038,0.11593278278962815
Center,2008,0.5913633021329737,0.4647643013719329,0.7136072070504591
Alentejo,2005,0.584226345205628,0.5696605904628017,0.3169771333548198
Alentejo,2012,0.16083458807330575,0.09308199145841789,0.22511356970769147
North,2010,0.8292712514772899,0.4674383077876263,0.4099815756691261
North,2022,0.027373425536058593,0.4678885721320596,0.5230352309055142
Center,2009,0.7347426118542806,0.4793984084730034,0.8276673531243569
Algarve,2005,0.7116677161037087,0.6030316238370579,0.18315641354601453
Center,2020,0.9735544258839969,0.5154627572091409,0.7850905484847891
Algarve,2005,0.3519447779450474,0.5490480950116104,0.9109101864181899
North,2018,0.996080318563365,0.4400238636975655,0.3523787150777863
Madeira,2006,0.20877018037089468,0.8180228148955522,0.49265438601636125
Madeira,2005,0.5907948696816877,0.5654714189029173,0.04765463838036055
Algarve,2002,0.7944543118620013,0.8111684401668652,0.1709160008041406
Azores,2020,0.10617252683721612,0.9672250222795366,0.9302673596338106
Lisbon,2020,0.18326644873830122,0.8740360487388481,0.3201689624226226
Alentejo,2004,0.43949654020944684,0.5240542103984376,0.8182547766152519
Center,2007,0.22954702149882622,0.7251363559048947,0.939526151466108
Azores,2007,0.9597218768144594,0.9355073762197007,0.6231289318504141
Madeira,2014,0.3418187664677197,0.6879173442033758,0.4060484073978604
Madeira,2020,0.22550494012107392,0.9450406563529725,0.33752754721671574
Alentejo,2007,0.11476201275548115,0.18723690243415003,0.9567701748077188
Lisbon,2000,0.5494931595120988,0.29256213058939806,0.044860272209221064
Algarve,2012,0.6812357595502113,0.2064318726563641,0.5053678411069048
Azores,2006,0.3472062803220195,0.3169349646264048,0.40639317378610296
Alentejo,2008,0.8983034939816089,0.2926865368809657,0.31414725808876953
Lisbon,2003,0.09960314462054187,0.39044386818828547,0.2923937572892581
Madeira,2005,0.6252792483716637,0.3944978358441039,0.527506358433645
Algarve,2007,0.01998871632402277,0.897457034839379,0.7328015837197368
North,2014,0.509695543820362,0.7024638149881487,0.7865568207477318
Azores,2017,0.9997575198686836,0.20577884456700446,0.1558721302241245
North,2007,0.2596693436595183,0.19951313575354557,0.7970995481293538
Center,2005,0.8787704370050976,0.08130767045421794,0.7122546049221595
Center,2022,0.6318332374114446,0.41378418921949167,0.4755758639473475
Lisbon,2009,0.8908928957177014,0.8840265625059656,0.7292290423660756
Azores,2016,0.5160619371427717,0.9541711920098801,0.5888938208077171
Algarve,2017,0.0267818750272103,0.4030258901639425,0.3323394879424053
Madeira,2015,0.38794351151459505,0.9066626200993024,0.9274112021376346
Alentejo,2000,0.6393788989533529,0.008336805948311765,0.08417086743689739
Lisbon,2018,0.5688819815619227,0.06739898529549537,0.7102266033142348
Center,2019,0.29555873490993767,0.0412543924069263,0.3610926702354539
North,2003,0.07629832808292081,0.8794518709464633,0.5087652776081659
Azores,2018,0.8939620921944206,0.4979386636979286,0.24554368930817427
Madeira,2007,0.2801749268901844,0.08087912763978644,0.06020842578488783
Lisbon,2022,0.5383596722257324,0.12040673288384363,0.2245978417094583
Madeira,2020,0.22043315207476266,0.5914370079788471,0.9797105108127977
Madeira,2010,0.3783220202631139,0.7808167507519901,0.5484500365414271
Madeira,2015,0.7858357067856773,0.932976549175672,0.3183875932363851
Madeira,2011,0.7657394369147523,0.7125581058260827,0.6990279420632045
North,2015,0.9131779571007902,0.5781371582394058,0.4429517426650058
North,2002,0.21471144270400344,0.00629011507261068,0.41658148632971415
North,2010,0.4311530733032174,0.927687082696187,0.6589504465269903
Center,2006,0.5777698993425342,0.9528097352594307,0.8639517300206006
Alentejo,2004,0.5914377012502372,0.6457584912228267,0.6073164950628838
Center,2013,0.5437558495091783,0.4970153470493115,0.1773231477075371
Alentejo,2000,0.5718189507618475,0.5752663088643284,0.7780357255993208
Alentejo,2008,0.38604463956116597,0.4324907870117626,0.6288477536194659
Center,2000,0.2881772384997453,0.4945683478877899,0.4601280443534167
Lisbon,2022,0.1709704783976449,0.7450841072371551,0.2683074561590384
Madeira,2002,0.010098429119174357,0.5458441575344446,0.8734787462078418
North,2014,0.8357448224244075,0.6313220214639541,0.4605658901405333
Algarve,2008,0.06063145996014063,0.6358996887588978,0.6631532757243488
Alentejo,2019,0.9112508127076916,0.05474159403049028,0.7954050473774658
Center,2014,0.17059967160850797,0.8867306472807197,0.3445626262012613
Madeira,2006,0.5543034501663054,0.4013772086754076,0.566010806180516
North,2011,0.07460981532684607,0.039185663407339866,0.9508990439620129
North,2021,0.08528044652970557,0.5186476287510856,0.9275283407047238
Azores,2019,0.7611661872192276,0.9575840095637139,0.3233728711162315
Algarve,2005,0.7172815857872963,0.4645952559518274,0.8603801476971574
Madeira,2013,0.788992565841693,0.9785642258383941,0.7079842627775538
North,2003,0.5355916623951442,0.4653984560300719,0.41375644277375045
Lisbon,2007,0.9474219283211307,0.9145272748861748,0.670569894606057
Madeira,2019,0.8082635611583123,0.012284390282510604,0.09913607945879199
Azores,2008,0.7005993608199405,0.4898562968019238,0.7037257850779589
Alentejo,2016,0.8724131790504074,0.1669149495765999,0.21947748574849024
Lisbon,2002,0.1352976345533411,0.6731333918430146,0.17943566263805055
Algarve,2001,0.8495562969232727,0.2392972002049084,0.14048473861056132
Alentejo,2003,0.09576465418407254,0.9977660806517532,0.6478063608445663
Lisbon,2008,0.07823938207545345,0.0664597592670867,0.6878891977653421
North,2022,0.6548392726842797,0.8668427560500994,0.49807929657339434
Lisbon,2007,0.39104796817204857,0.5034304991071402,0.15153291425544202
Algarve,2002,0.15430561301121104,0.17136448698283901,0.24080695514110828
Algarve,2014,0.5584457119414231,0.16885862677963437,0.9908306875016073
Alentejo,2007,0.27002475459455844,0.17479776438816197,0.7187977817045789
North,2014,0.6690435241041693,0.4127254162290356,0.959215358520586
Center,2019,0.45857729742809494,0.66911576201619,0.6008684699188457
Madeira,2019,0.5328410901246065,0.8069166820106531,0.698306847743928
Alentejo,2017,0.38097173152317176,0.6448660580407265,0.15987444892986302
Alentejo,2011,0.6890724484612252,0.9718343750072177,0.25112400515998845
North,2011,0.5209312686160925,0.8100940825380811,0.6405352159534852
North,2001,0.8573287437922031,0.9736915775921396,0.28635045883417976
Alentejo,2001,0.11803292919475683,0.3236924525491178,0.518282407965622
Center,2003,0.4051240974569479,0.9219842416150353,0.5812898744343648
Alentejo,2006,0.558750838270026,0.21345458568497244,0.9920477342198261
Algarve,2010,0.37896811927819507,0.5017870140195495,0.7513446326182855
North,2001,0.9361806474299468,0.7160630495906152,0.4452965323271987
Alentejo,2017,0.6305129829413934,0.7252555970235078,0.22733600687965327
Algarve,2011,0.7414756933100463,0.5340546521374899,0.3856046253821067
Alentejo,2013,0.6360448021537888,0.531651399009403,0.16551100751554615
Madeira,2022,0.4934671579976291,0.29002247949571214,0.35341571292257745
Azores,2020,0.604902115614701,0.24179458827983058,0.3711875225119159
Algarve,2008,0.940029595555007,0.3036642607410661,0.21671390878963692
Alentejo,2013,0.4543123984482441,0.0021803904545767416,0.7952614557748955
Algarve,2004,0.8447237859872091,0.7858587351613896,0.9833013957211346
Alentejo,2017,0.8846383568814117,0.20864414120266683,0.10075923589951685
Madeira,2005,0.8330980196882547,0.7395364551652578,0.8704593471463717
Alentejo,2022,0.8288749264934943,0.5328908821156195,0.6654023814511457
Center,2020,0.48287616034863345,0.014557867343384379,0.6983887644912311
Center,2009,0.8784276643504766,0.9646064554820868,0.5007527015631238
Lisbon,2016,0.8157725542061812,0.8792042135887786,0.02638977401288667
Madeira,2003,0.9399522360600606,0.722102727569414,0.39193830336501956
Center,2000,0.7603816077910477,0.7515310067634605,0.8601953249012833
Lisbon,2001,0.516380626614332,0.5786796375203591,0.5978654746038681
Algarve,2013,0.4694863666617295,0.0010941339645887949,0.8518688244392483
Madeira,2021,0.7423720329019111,0.5090351240226615,0.5757940057858751
Azores,2013,0.5959537985659288,0.3234971651730715,0.47564042417401153
Azores,2010,0.39876483976211186,0.44129408223082145,0.9195010032471406
Center,2016,0.05256446753141042,0.033575470989690936,0.10962232943493255
Lisbon,2013,0.3401595001387002,0.9279556713194511,0.4298894168067806
Madeira,2014,0.9406432042866815,0.3134374071180368,0.9499300745234867
Lisbon,2019,0.6173825285538318,0.5532550659874411,0.31371046508096123
Azores,2009,0.042021740649211714,0.8794740131191373,0.9216443388703469
Alentejo,2019,0.19653567792168036,0.6059519212711262,0.4303437727467043
Alentejo,2013,0.4635531681760814,0.7541301606175546,0.748560413010694
Alentejo,2012,0.6283124726782482,0.05935691557908873,0.4253540260656209
Madeira,2002,0.15273429591170806,0.07972819378082774,0.9526571743719855
Alentejo,2022,0.02873371502969535,0.6803226662888798,0.7300223042702313
Lisbon,2006,0.9952082391657002,0.5879102297197563,0.03714330905392038
North,2014,0.40069869716425066,0.6733199750350665,0.49903423995352414
Algarve,2005,0.08282434921592208,0.9299295454010449,0.08963317501023726
Lisbon,2022,0.7842797905105219,0.04070652881924308,0.26751752853212496
Madeira,2006,0.05169822833413096,0.8110348099476781,0.9219491048748142
Center,2013,0.578446863518869,0.08538998223355132,0.34436916321011957
Azores,2006,0.14138525871544694,0.680368426856921,0.2992584154066805
Algarve,2009,0.46940991650250286,0.5899753511316363,0.2757158932473661
Madeira,2019,0.9294074178506349,0.7952526210368298,0.009665522536624449
Lisbon,2013,0.6906637347717318,0.306234253671532,0.6462596650241856
Azores,2017,0.44732620322191063,0.855095755811639,0.9552079792690983
Algarve,2013,0.732267773763284,0.5179844280326364,0.8428980095345011
Alentejo,2002,0.2963257511721926,0.2782825768328273,0.9149141830925411
Azores,2002,0.6409049870549729,0.9338038362930958,0.09360383275446338
Algarve,2021,0.6962108417890569,0.8655181727570411,0.9220112513274976
Azores,2000,0.26977135753834525,0.43353208906981044,0.8677798365071556
Azores,2019,0.03975259532421149,0.1576675468277614,0.4986493344735996
Algarve,2020,0.6493041766248004,0.31525478414143526,0.49985335199782965
Madeira,2010,0.5915646765048143,0.5777221370762048,0.0162710844834848
Alentejo,2012,0.8211563935145267,0.266545276988962,0.5444794836792105
North,2010,0.9537866147565796,0.3771153359948137,0.006017436537599563
Algarve,2013,0.9014590998664669,0.6689339513389755,0.03763891126411156
Center,2004,0.8024471685932637,0.7198291009834574,0.25250955523765706
Algarve,2017,0.8259771940466072,0.04224204098798401,0.9446697119994782
Alentejo,2008,0.26453383468788916,0.46890520870265007,0.1889407652050753
North,2004,0.716112381250714,0.4648675647893481,0.87805190235557
Lisbon,2012,0.08566586882951321,0.5114985660062771,0.104814961166661
Center,2005,0.8211994282781044,0.19467963986414127,0.4737547031840491
Lisbon,2016,0.37671146435440306,0.6010686305307138,0.13103524414670586
Alentejo,2016,0.7415910760030205,0.17055702456636723,0.6457863889320296
Alentejo,2016,0.2420649893743705,0.6395441938067884,0.3012795648314748
Algarve,2021,0.6380651305550453,0.39477974361929746,0.9130828798336273
Azores,2000,0.8682936991709558,0.6100704481072171,0.7876095109211897
Azores,2006,0.2409335579848506,0.9244720616579102,0.319102547453054
Azores,2015,0.7741991344449227,0.75383635673228,0.24179457914614788
Lisbon,2016,0.10434524461031203,0.6475311302774537,0.9847455550581313
Alentejo,2019,0.46740543768488063,0.3826715196370293,0.11583905141225337
Lisbon,2014,0.9853750688670286,0.1995177080776156,0.5468357913241019
Algarve,2020,0.19347483371361507,0.05473524454576917,0.3641603188368404
Lisbon,2013,0.7547054176314604,0.4063202014620364,0.33320661761016646
Azores,2008,0.5628889618807856,0.3327327387052188,0.15610268945209171
Alentejo,2015,0.7722857727674871,0.470449758921225,0.220414368221293
Center,2006,0.9956511524428652,0.5548667686212617,0.293164833020107
Algarve,2022,0.47071450842598705,0.20841337473613886,0.13080360937542945
North,2012,0.910281004155838,0.42190309584154684,0.2791664212578202
Lisbon,2012,0.08917865137300351,0.5783395750194892,0.5989892066805217
Center,2016,0.9457077374461412,0.6038058022015605,0.6945174006019255
Azores,2003,0.6925581147207657,0.40662740052578317,0.31255787194679574
North,2009,0.5693636274149995,0.30708273259473673,0.8059898551415701
North,2008,0.16898571025378906,0.9198403915315801,0.563292045931972
North,2017,0.919746314681812,0.13810642878432033,0.5358125547207837
North,2008,0.8460127209100102,0.3244217027542263,0.2255066591118573
North,2002,0.41257495509631725,0.3810891854634265,0.6985564779560843
Algarve,2012,0.3562385505273802,0.08934631331377318,0.5889287434234973
Azores,2019,0.563254770813258,0.05162166183992989,0.3263591213221486
Azores,2020,0.7647704337810545,0.4224356922452266,0.5631099039647673
Lisbon,2002,0.015112839529946576,0.18598604084107528,0.9674241355901845
Lisbon,2020,0.7262800813149508,0.45066013906597624,0.32604508682780864
North,2022,0.4812762100452471,0.6158665142677595,0.9281859345896425
Madeira,2021,0.45087281452929506,0.2386742360495503,0.6317566538132854
North,2014,0.8163769926525891,0.21051722507417858,0.03456996897527853
Madeira,2018,0.7721455277176469,0.27663012294290057,0.7114029110422293
Alentejo,2009,0.2727692901774218,0.3591509072073771,0.7352916470161818
Lisbon,2008,0.0900179440098482,0.742419144208209,0.36614390234425664
Azores,2000,0.6947271994478945,0.9910764141710348,0.8089205653993454
North,2010,0.9215332019796235,0.21011569631291982,0.8722648681853683
North,2018,0.07199586089564525,0.001150587589223484,0.006422934593320662
North,2015,0.029391882553882698,0.9770001311312211,0.8264879716319732
Alentejo,2000,0.1878399572798789,0.5666234443579007,0.21061673990882857
Center,2007,0.4672232639349485,0.9761026091075041,0.7108059707768186
Center,2004,0.48475558581780887,0.12881608285421353,0.40212866676047343
Center,2014,0.3606883166531125,0.3086861303903933,0.9742168919528007
Madeira,2011,0.4943307534980841,0.6498460863328576,0.8040642956834031
Center,2007,0.23628183597358754,0.046655199360297495,0.6702288854031284
Madeira,2016,0.2716718851397456,0.36559404157497555,0.1845228701569671
Azores,2009,0.31067809233643173,0.4303743761957609,0.2604395281584525
Lisbon,2005,0.4081933009846015,0.18902783422467728,0.9295642556621502
Azores,2021,0.8265930955331035,0.4491399352318428,0.666306884126403
Center,2019,0.5940893922030389,0.8272275701307992,0.9998239953639632
Azores,2006,0.4381438003457978,0.6277166582751346,0.7077491271197489
Algarve,2010,0.14186450138176376,0.1586930150273973,0.6626829097215963
Lisbon,2019,0.7013368672507033,0.7413188983511229,0.2640937949222053
Lisbon,2020,0.5437428546441976,0.5477682608287614,0.7502815796080426
Alentejo,2004,0.8714864455152845,0.4508833733407869,0.2860014754187027
Madeira,2020,0.025286355537401106,0.5611608688772824,0.5231161868682134
Lisbon,2014,0.2931356442423654,0.05454799381988529,0.6386861060355772
Madeira,2007,0.45359652441220444,0.6480065877847755,0.6760966864747069
Algarve,2022,0.11468699383484093,0.4492576259532678,0.9655900374284286
Algarve,2019,0.6593090016827566,0.08807571403704983,0.7419511577703074
Algarve,2015,0.6651770314095444,0.30993890083182707,0.9223669424496731
North,2001,0.01809327193953969,0.7428807805000155,0.388665991031346
Center,2008,0.23906628378095662,0.5190817620680332,0.22121812789110462
Madeira,2004,0.5174851479646967,0.0831589402024644,0.6115496125049458
Lisbon,2013,0.9630671725879264,0.271586046199773,0.15588166996302577
Madeira,2003,0.6045331391348179,0.8757357786297731,0.668984803229664
North,2018,0.8442716712696712,0.9187674048304353,0.7812755330311839
Alentejo,2018,0.9252408182259454,0.40277252994479873,0.45218406886018037
Alentejo,2010,0.20726742292681377,0.2008534303461158,0.5163723355295767
Lisbon,2018,0.3298453721548017,0.13643066969379203,0.172461871935366
North,2003,0.5214905081088325,0.4654997681246501,0.9009867570181642
North,2005,0.9935507676642212,0.6466190907183315,0.4314348310034367
Center,2000,0.447349331082709,0.16964549450135513,0.9938083499753088
Madeira,2017,0.68800250059206,0.3827854675578316,0.2741967738181381
Lisbon,2010,0.02262266092336007,0.2788097131723466,0.858749792752486
Madeira,2009,0.7177410845730053,0.019624143563691465,0.06430500816231688
Algarve,2017,0.6217364984692244,0.2340052572625949,0.28398333417744714
North,2002,0.8634430772250513,0.16746062424249453,0.7238447965708663
Lisbon,2015,0.4713656365457721,0.845439812652453,0.2843643417153958
Lisbon,2006,0.42956710594476466,0.5117921872638086,0.17968811332893697
Algarve,2016,0.5880643551961772,0.4891564649931873,0.09375765630286659
North,2006,0.8128527338082641,0.9223866448979143,0.7736203279284726
Center,2005,0.4323865330458425,0.4204751760602994,0.9377401890596393
Algarve,2001,0.05252317407617091,0.630868566231565,0.7451421823463332
Algarve,2003,0.25804350398079023,0.08394213910376191,0.015970879192974574
Center,2007,0.8543493822227974,0.4612803822414655,0.6845994163742313
Madeira,2006,0.7015629074436738,0.983888983094193,0.9081354583595018
Lisbon,2001,0.859718983003652,0.6530351924881473,0.6669868619678596
North,2019,0.11953060912214486,0.012239964161068984,0.9340878072037506
North,2012,0.09446311327637513,0.43334841135714475,0.89490311441223
North,2004,0.7760177760635075,0.9190267156991704,0.34316676140202174
Center,2016,0.6050507755375155,0.2021664545841676,0.9493457760823293
Algarve,2004,0.6948055934177128,0.261061570214165,0.887148140582356
Center,2004,0.07886256351305343,0.9385171348197753,0.6588703713714096
Alentejo,2013,0.924107048704442,0.8830454758815129,0.8703481315184247
Center,2009,0.08268506651561558,0.553154567102475,0.1727841167588735
Alentejo,2021,0.2784405765381971,0.6584855148283275,0.5276313495421789
Lisbon,2005,0.6241192957160189,0.6529759226549481,0.881429846083787
Center,2003,0.2589983009230523,0.6384629165126396,0.06351055171089526
Alentejo,2001,0.832636114223376,0.09876702463936216,0.7150071032511832
Center,2013,0.7282474629286225,0.8454955558873462,0.3824522504732757
Azores,2012,0.2866690681309847,0.6350205936648289,0.34530888137989246
Azores,2011,0.9610361244863331,0.6097701356907927,0.49551741909451474
Azores,2004,0.44015199300889785,0.35719712819274685,0.042509202223569686
Azores,2017,0.3063606492170754,0.9608948841682913,0.6390352888395906
Alentejo,2022,0.9770502982912499,0.21102585148506092,0.586182831872527
Center,2007,0.8993498006595915,0.6176980605071045,0.0031763724839062313
Algarve,2021,0.38042370159999195,0.4134436553834189,0.5766113884949359
Lisbon,2021,0.23047328646607468,0.26688686673006945,0.9715706408224625
Madeira,2008,0.4035268470830782,0.49275696037001593,0.8302909590575287
Lisbon,2001,0.2927351759324093,0.19135746547876764,0.024360608958329255
Center,2017,0.009870210554596581,0.46027351989512755,0.0593663737728386
Azores,2001,0.3332163071772929,0.2269000291389266,0.009550083637165141
Alentejo,2011,0.16250863132883875,0.816812227468345,0.481327147438811
Lisbon,2013,0.9303153729286454,0.790077474206784,0.855114411159287
Center,2001,0.7485171722295213,0.14489568265201047,0.3238424713779541
North,2002,0.023527597133267242,0.459801609924986,0.7073418258550958
Center,2004,0.3191855088817668,0.4811270350910225,0.9974873159857633
Center,2020,0.500878391556427,0.10777839669564127,0.8776905233086808
